类型,日志等级,写入时间,日志内容
SYSTEM,ERROR,2024-03-11 21:00:12,解析文件夹树open E:\mydev\vitepress-demo\guide: no such file or directory
SYSTEM,ERROR,2024-03-11 21:00:14,解析文件夹树open E:\mydev\vitepress-demo\guide: no such file or directory
SYSTEM,ERROR,2024-03-11 21:12:53,解析文件夹树open E:\mydev\vitepress-demo\guide: no such file or directory
SYSTEM,ERROR,2024-03-11 21:13:50,解析文件夹树open E:\mydev\vitepress-demo\guide: no such file or directory
SYSTEM,ERROR,2024-03-11 21:15:04,解析文件夹树open E:\mydev\vitepress-demo\guide: no such file or directory
SYSTEM,ERROR,2024-03-11 21:17:42,解析文件夹树open E:\mydev\vitepress-demo\guide: no such file or directory
SYSTEM,ERROR,2024-03-11 21:20:37,解析文件夹树open E:\mydev\vitepress-demo\guide: no such file or directory
SYSTEM,ERROR,2024-03-11 21:20:52,解析文件夹树open E:\mydev\vitepress-demo\guide: no such file or directory
SYSTEM,ERROR,2024-03-11 21:27:25,解析文件夹树open E:\mydev\vitepress-demo\guide: no such file or directory
